<?xml version="1.0" encoding="utf-8"?>
<Product xmlns='http://code.google.com/p/open-zwave/'>
    <!--
    Qubino ZMNKIDx Smart Plug
    ZMNKID1 868,4 MHz
    ZMNKID2 921,4 MHz
    ZMNKID3 908,4 MHz
    ZMNKID4 869,0 MHz
    ZMNKID5 916,0 MHz
    -->

	<CommandClass id="67" base="0" />

    <!-- Configuration  -->
    <CommandClass id="112">
		
		<Value type="list" genre="config" instance="1" index="1" label="Input I1 switch type" size="1" min="0" max="255" value="1">
            <Help>
				With this parameter, you can select between push-button (momentary) and on/off toggle switch types.
				Default value: 1.
			</Help>
            <Item label="push-button (momentary)" value="0" />
            <Item label="on/off toggle switch" value="1" />
        </Value>

		<Value type="list" genre="config" instance="1" index="1" label="Input 1 contact type" size="1" min="0" max="255" value="1">
            <Help>
				This parameter determines how the switch or push-button is connected.
				Default value: 0.
			</Help>
            <Item label="NO (normally open) input type" value="0" />
            <Item label="NC (normally close) input type" value="1" />
        </Value>	

		<Value type="byte" genre="config" instance="1" index="40" label="Watt Power Consumption Reporting Threshold for Q Load " size="1" min="0" max="100" units="%" value="10">
            <Help>
                Choose by how much power consumption needs to increase or decrease to be reported. Values correspond to percentages so if 10 is set, for example, the device will report any power consumption changes of 10% or more compared to the last reading. 
				Values (size is 1 byte dec):
					default value 10 
					0 - Power consumption reporting disabled 
					1 - 100 = 1% - 100% Power consumption reporting enabled. New value is reported only when Wattage in real time changes by more than the percentage value set in this parameter compared to the previous Wattage reading, starting at 1% (the lowest value possible).
				NOTE: Power consumption needs to increase or decrease by at least 1 Watt to be reported, REGARDLESS of percentage set in this parameter.  
			</Help>
        </Value>

		<Value type="short" genre="config" instance="1" index="42" label="Watt Power Consumption Reporting Time Threshold for Q" size="2" min="0" max="32767" units="seconds" value="0">
            <Help>
                Set value refers to the time interval with which power consumption in Watts is reported (30 - 32767 seconds). If for example 300 is entered, energy consumption reports will be sent to the gateway (hub) every 300 seconds (or 5 minutes).
				Values (size is 2 byte dec):
					default value 0 (power report is disabled)
					0 - Power consumption reporting disabled
					30 - 32767 = 30 - 32767 seconds. Power consumption reporting enabled. Report is sent according to time interval (value) set here. 
			</Help>
        </Value>
		
		<Value type="short" genre="config" instance="1" index="43" label="Hysteresis Upper temperature offset" size="2" min="0" max="450" value="5">
            <Help>
                This parameter defines minimum temperature difference between real measured temperature and set-point temperature to turn device on in heat mode or turn device off in cool mode.
				Values (size is 2 byte dec):
					default value 5 (0.5 C)
					0 - 450
				NOTE1: If configuration parameter 78 (Scale selection) is set to Celsius, then valid interval is 0 - 250 (0.0 C - 25.0 C, resolution 0.1 C)
				NOTE2: If configuration parameter 78 (Scale selection) is set to Fahrenheit, then valid interval is 0 - 450 (0.0 F - 45.0 F, resolution 0.1 F)
				NOTE3: If configuration parameter 78 (Scale selection) is set to Fahrenheit, note that Fahrenheit values will be converted to Celsius degrees. Due to conversion algorithm please be advised that configuration value could drift when converting values back and forth.
			</Help>
        </Value>
		
		<Value type="short" genre="config" instance="1" index="44" label="Hysteresis Lower temperature offset" size="2" min="0" max="450" value="5">
            <Help>
                This parameter defines minimum temperature difference between real measured temperature and set-point temperature to turn device off in heat mode or turn device on in cool mode.
				Values (size is 2 byte dec):
					default value 5 (0.5 C)
					0 - 450
				NOTE1: If configuration parameter 78 (Scale selection) is set to Celsius, then valid interval is 0 - 250 (0.0 C - 25.0 C, resolution 0.1 C)
				NOTE2: If configuration parameter 78 (Scale selection) is set to Fahrenheit, then valid interval is 0 - 450 (0.0 F - 45.0 F, resolution 0.1 F)
				NOTE3: If configuration parameter 78 (Scale selection) is set to Fahrenheit, note that Fahrenheit values will be converted to Celsius degrees. Due to conversion algorithm please be advised that configuration value could drift when converting values back and forth.
			</Help>
        </Value>
	
		<Value type="short" genre="config" instance="1" index="45" label="Antifreeze" size="2" min="-125" max="1000" value="50">
            <Help>
				Set value determines at which temperature the device will be turned on even (if the thermostat was manually set to off). 
				Values (size is 2 byte dec):
					default value 50 (5.0 C)
					-125 - 545
					1000 - Antifreeze functionality disabled
				NOTE1: Antifreeze is activated only in heating mode and it uses hysteresis of +-0.5C. 
				NOTE2: If configuration parameter 78 (Scale selection) is set to Celsius, then valid interval is -125 - 125 (-12.5 C - 12.5 C, resolution 0.1 C)
				NOTE3: If configuration parameter 78 (Scale selection) is set to Fahrenheit, then valid interval is 95 - 545 (9.5 F - 54.5 F, resolution 0.1 F)
				NOTE4: If configuration parameter 78 (Scale selection) is set to Fahrenheit, note that Fahrenheit values will be converted to Celsius degrees. Due to conversion algorithm please be advised that configuration value could drift when converting values back and forth.
			</Help>
        </Value>
	
		<Value type="list" genre="config" instance="1" index="59" label="Thermostat mode" size="1" min="0" max="1" value="0">
			<Help>
				This parameter determines how the switch or push-button is connected.
				Default value: 0.
			</Help>
			<Item label="Heat mode" value="0" />
			<Item label="Cool mode" value="1" />
		</Value>
	
		<Value type="short" genre="config" instance="1" index="60" label="Too low temperature limit" size="2" min="-150" max="2120" value="50">
            <Help>
				This parameter determines the temperature at which the device sends a command to the associated device - to turn ON device or to turn OFF device.
				Values (size is 2 byte dec):
					Default value 50 (Too low temperature limit is 5.0 C)
					-150 - 2120
				NOTE1: Too low temperature limit is used with Association Group 3.
				NOTE2: If configuration parameter 78 (Scale selection) is set to Celsius, then valid interval is -150 - 1000 (-15.0 C - 100.0 C, resolution 0.1 C)
				NOTE3: If configuration parameter 78 (Scale selection) is set to Fahrenheit, then valid interval is 50 - 2120 (5.0 F - 212.0 F, resolution 0.1 F)
				NOTE4: If configuration parameter 78 (Scale selection) is set to Fahrenheit, note that Fahrenheit values will be converted to Celsius degrees. Due to conversion algorithm please be advised that configuration value could drift when converting values back and forth.
			</Help>
        </Value>
	
		<Value type="short" genre="config" instance="1" index="61" label="Too high temperature limit" size="2" min="1" max="2120" value="700">
            <Help>
				This parameter determines the temperature at which the device sends a command to the associated device, to turn ON device or to turn OFF device.
				Values (size is 2 byte dec):
					default value 700 (too high temperature limit is 70.0 C)
					1 - 2120
				NOTE1: Too high temperature limit is used with Association Group 3.
				NOTE2: If configuration parameter 78 (Scale selection) is set to Celsius, then valid interval is 1 - 1000 (0.1 C - 100.0 C, resolution 0.1 C)
				NOTE3: If configuration parameter 78 (Scale selection) is set to Fahrenheit, then valid interval is 322 - 2120 (32.2 F - 212.0 F, resolution 0.1 F)
				NOTE4: If configuration parameter 78 (Scale selection) is set to Fahrenheit, note that Fahrenheit values will be converted to Celsius degrees. Due to conversion algorithm please be advised that configuration value could drift when converting values back and forth.
			</Help>
        </Value>
	
		<Value type="list" genre="config" instance="1" index="63" label="Output switch selection" size="1" min="0" max="1" value="0">
			<Help>
				Set value determines the type of the device connected to the on/off output. The output type can be normally open (NO) or normally closed (NC). 
				Default value: 0.				
			</Help>
			<Item label="When switch/device is off the output is 0V (NC)" value="0" />
			<Item label="When switch/device is off the output is 240V or 24V (NO)" value="1" />
		</Value>
	
		<Value type="list" genre="config" instance="1" index="78" label="Scale Selection" size="1" min="0" max="1" value="0">
			<Help>
				This parameter determines in which measurement unit the device will report temperature (Fahrenheit or Celsius) and determines the scale the configuration parameters (43, 44, 44, 45, 60, 61, 110, 120) are interpreted as.
				NOTE1: This scale has influence on Temperature reporting. The device is capable of receiving a Set point in all supported scales.
				NOTE2: This configuration parameter has impact on configuration parameters 43, 44, 44, 45, 60, 61, 110, 120. If scale is set to degrees Fahrenheit configuration values at parameters 43, 44, 44, 45, 60, 61, 110, 120 will be converted to degrees Celsius. Please note that converted values could drift when converting values back and forth.
				Default value: 0.
			</Help>
			<Item label="degrees Celsius " value="0" />
			<Item label="degrees Fahrenheit" value="1" />
		</Value>
	
		<Value type="short" genre="config" instance="1" index="110" label="Temperature Sensor Offset Settings" size="2" min="-270" max="270" value="0">
            <Help>
				Set value is added to or subtracted from the actually measured value to adjust the temperature report sent by an external sensor.
				NOTE1: If configuration parameter 78 (Scale selection) is set to Celsius, then valid interval is -150 - 150 (-15.0 C - 15.0 C, resolution 0.1 C)
				NOTE2: If configuration parameter 78 (Scale selection) is set to Fahrenheit, then valid interval is -270 - 270 (-27.0 F - 27.0 F, resolution 0.1 F)
				NOTE3: If configuration parameter 78 (Scale selection) is set to Fahrenheit, note that Fahrenheit values will be converted to Celsius degrees. Due to conversion algorithm please be advised that configuration value could drift when converting values back and forth.
				Default value: 0.
			</Help>
        </Value>
		
		<Value type="short" genre="config" instance="1" index="120" label="Temperature Sensor Reporting Threshold" size="2" min="0" max="270" value="5">
            <Help>
				This configuration parameters sets reporting threshold between reported temperature and actual temperature for reporting temperature at association group 4.
				NOTE1: If configuration parameter 78 (Scale selection) is set to Celsius, then valid interval is 0 - 150 (0 C - 15.0 C, resolution 0.1 C)
				NOTE2: If configuration parameter 78 (Scale selection) is set to Fahrenheit, then valid interval is 0 - 270 (0 F - 27.0 F, resolution 0.1 F)
				NOTE3: If configuration parameter 78 (Scale selection) is set to Fahrenheit, note that Fahrenheit values will be converted to Celsius degrees. Due to conversion algorithm please be advised that configuration value could drift when converting values back and forth.
				Default value: 5.
			</Help>
        </Value>
	</CommandClass>

    <!-- Association Groups -->
    <CommandClass id="133">
        <Associations num_groups="4">
            <Group index="1" max_associations="5" label="Lifeline"/>
            <Group index="2" max_associations="5" label="Change of output Q"/>
            <Group index="3" max_associations="5" label="Basic on/off too high too low T"/>
            <Group index="4" max_associations="5" label="Sensor multilevel report"/>
        </Associations>
    </CommandClass>

    <!-- Remove COMMAND_CLASS_BASIC -->
    <!--<CommandClass id="32" action="remove" />-->

</Product>
