<?xml version="1.0" encoding="utf-8"?>
<Product xmlns='http://code.google.com/p/open-zwave/'>
  <!-- This thermostat's setpoint descriptions are 1 based, not 0 -->
  <CommandClass id="67" name="COMMAND_CLASS_THERMOSTAT_SETPOINT" base="0" />
  <CommandClass id="112">
    <Value type="list" index="1" genre="config" label="Schedule Type" units="" min="0" max="4" value="2" size="1">
      <Help>
        Schedule Type
      </Help>
      <Item label="No schedule/Occupancy based schedule" value="0"/>
      <Item label="Every day the same" value="1"/>
      <Item label="5-2 Schedule" value="2"/>
      <Item label="5-1-1 Schedule" value="3"/>
      <Item label="Every day individual" value="4"/>
    </Value>
    <Value type="list" index="2" genre="config" label="Temperature Scale" units="" min="0" max="1" value="0" size="1">
      <Help>
        Temperature Scale
      </Help>
      <Item label="Fahrenheit" value="0"/>
      <Item label="Celsius" value="1"/>
    </Value>
    <Value type="list" index="3" genre="config" label="Outdoor Temperature" units="" min="0" max="1" value="0" size="1">
      <Help>
        Outdoor Temperature Sensor
      </Help>
      <Item label="No" value="0"/>
      <Item label="Wired" value="1"/>
    </Value>
    <Value type="list" index="4" genre="config" label="Equipment Type" units="" min="0" max="9" value="2" size="1">
      <Help>
        Equipment Type
      </Help>
      <Item label="None" value="0"/>
      <Item label="Standard Gas" value="1"/>
      <Item label="High Efficiency Gas" value="2"/>
      <Item label="Oil" value="3"/>
      <Item label="Electric" value="4"/>
      <Item label="Fan Coil" value="5"/>
      <Item label="Air to Air Heat pump" value="6"/>
      <Item label="Geothermal Heat Pump" value="7"/>
      <Item label="Hot Water" value="8"/>
      <Item label="Steam" value="9"/>
    </Value>
    <Value type="list" index="5" genre="config" label="Reversing Valve" units="" min="0" max="1" value="0" size="1">
      <Help>
        Reversing Valve
      </Help>
      <Item label="O/B on Cool" value="0"/>
      <Item label="O/B on Heat" value="1"/>
    </Value>
    <Value type="byte" index="6" genre="config" label="Cool Stages" units="" min="0" max="2" value="1" size="1">
      <Help>
        Stages
      </Help>
    </Value>
    <Value type="byte" index="7" genre="config" label="Heat Stages Auxiliary/Emergency stages" units="" min="0" max="2" value="1" size="1">
      <Help>
        Stages
      </Help>
    </Value>
    <Value type="list" index="8" genre="config" label="Auxiliary/Emergency Control" units="" min="0" max="1" value="0" size="1">
      <Help>

      </Help>
      <Item label="Both Aux and E" value="0"/>
      <Item label="Either Aux/E" value="1"/>
    </Value>
    <Value type="list" index="9" genre="config" label="Auxiliary Heat Type" units="" min="0" max="1" value="0" size="1">
      <Help>
        Auxiliary Heat Control
      </Help>
      <Item label="Electric" value="0"/>
      <Item label="Gas/Oil" value="1"/>
    </Value>
    <Value type="list" index="10" genre="config" label="Emergency Heat Type" units="" min="0" max="1" value="0" size="1">
      <Help>
        Emergency Heat Type
      </Help>
      <Item label="Electric" value="0"/>
      <Item label="Gas/Oil" value="1"/>
    </Value>
    <Value type="list" index="11" genre="config" label="Fossil Kit Control" units="" min="0" max="1" value="0" size="1">
      <Help>
        Fossil Kit Control
      </Help>
      <Item label="Thermostat" value="0"/>
      <Item label="External" value="1"/>
    </Value>
    <Value type="list" index="12" genre="config" label="Auto Changeover" units="" min="0" max="1" value="0" size="1">
      <Help>
        ADVANCED PARAMETER SHOULD ONLY BE CHANGED FROM ITS DEFAULT VALUE BY A QUALIFIED HVAC PROFESSIONAL
      </Help>
      <Item label="Off" value="0"/>
      <Item label="On" value="1"/>
    </Value>
    <Value type="byte" index="13" genre="config" label="Auto Differential" units="F" min="0" max="5" value="0" size="1">
      <Help>
        Auto Differential in degrees Fahrenheit
      </Help>
    </Value>
    <Value type="list" index="14" genre="config" label="High Cool Stage Finish" units="" min="0" max="1" value="0" size="1">
      <Help>
        High Cool Stage Finish
      </Help>
      <Item label="No" value="0"/>
      <Item label="Yes" value="1"/>
    </Value>
    <Value type="list" index="15" genre="config" label="High Heat Stage Finish" units="" min="0" max="1" value="0" size="1">
      <Help>
        High Heat Stage Finish
      </Help>
      <Item label="No" value="0"/>
      <Item label="Yes" value="1"/>
    </Value>
    <Value type="list" index="16" genre="config" label="Auxiliary Heat Droop" units="F" min="0" max="15" value="0" size="1">
      <Help>
        0 = Comfort (1 is not accepted) Integer from 2 to 15 degrees of Fahrenheit from setpoint
      </Help>
      <Item label="Comfort" value="0"/>
      <Item label="2F" value="2"/>
      <Item label="3F" value="3"/>
      <Item label="4F" value="4"/>
      <Item label="5F" value="5"/>
      <Item label="6F" value="6"/>
      <Item label="7F" value="7"/>
      <Item label="8F" value="8"/>
      <Item label="9F" value="9"/>
      <Item label="10F" value="10"/>
      <Item label="11F" value="11"/>
      <Item label="12F" value="12"/>
      <Item label="13F" value="13"/>
      <Item label="14F" value="14"/>
      <Item label="15F" value="15"/>
    </Value>
    <Value type="list" index="17" genre="config" label="Up Stage Timer Aux Heat" units="" min="0" max="15" value="0" size="1">
      <Help>
        Up Stage Timer Auxiliary Heat
      </Help>
      <Item label="Off" value="0"/>
      <Item label="30 minutes" value="1"/>
      <Item label="45 minutes" value="2"/>
      <Item label="60 minutes" value="3"/>
      <Item label="75 minutes" value="4"/>
      <Item label="90 minutes" value="5"/>
      <Item label="2 hours" value="6"/>
      <Item label="3 hours" value="7"/>
      <Item label="4 hours" value="8"/>
      <Item label="5 hours" value="9"/>
      <Item label="6 hours" value="10"/>
      <Item label="8 hours" value="11"/>
      <Item label="10 hours" value="12"/>
      <Item label="12 hours" value="13"/>
      <Item label="14 hours" value="14"/>
      <Item label="16 hours" value="15"/>
    </Value>
    <Value type="list" index="18" genre="config" label="Balance Point (Compressor Lockout)" units="" min="0" max="65" value="65" size="1">
      <Help>
        0 = Off integer from 5 to 65 degrees Fahrenheit in only 5 degrees increments. Other values not accepted.
      </Help>
      <Item label="Balance Point Off" value="0"/>
      <Item label="Balance Point 5 degrees Fahrenheit" value="5"/>
      <Item label="Balance Point 10 degrees Fahrenheit" value="10"/>
      <Item label="Balance Point 15 degrees Fahrenheit" value="15"/>
      <Item label="Balance Point 20 degrees Fahrenheit" value="20"/>
      <Item label="Balance Point 25 degrees Fahrenheit" value="25"/>
      <Item label="Balance Point 30 degrees Fahrenheit" value="30"/>
      <Item label="Balance Point 35 degrees Fahrenheit" value="35"/>
      <Item label="Balance Point 40 degrees Fahrenheit" value="40"/>
      <Item label="Balance Point 55 degrees Fahrenheit" value="55"/>
      <Item label="Balance Point 60 degrees Fahrenheit" value="60"/>
      <Item label="Balance Point 65 degrees Fahrenheit" value="65"/>
    </Value>
    <Value type="list" index="19" genre="config" label="Aux Heat Lock Out (Aux Heat Outdoor Lockout)" units="" min="0" max="65" value="0" size="1">
      <Help>
        0 = Off integer from 5 to 65 degrees Fahrenheit in only 5 degrees increments. Other values not accepted.
      </Help>
      <Item label="Aux Heat Lockout Off" value="0"/>
      <Item label="Aux Heat Lockout 5 degrees Fahrenheit" value="5"/>
      <Item label="Aux Heat Lockout 10 degrees Fahrenheit" value="10"/>
      <Item label="Aux Heat Lockout 15 degrees Fahrenheit" value="15"/>
      <Item label="Aux Heat Lockout 20 degrees Fahrenheit" value="20"/>
      <Item label="Aux Heat Lockout 25 degrees Fahrenheit" value="25"/>
      <Item label="Aux Heat Lockout 30 degrees Fahrenheit" value="30"/>
      <Item label="Aux Heat Lockout 35 degrees Fahrenheit" value="35"/>
      <Item label="Aux Heat Lockout 40 degrees Fahrenheit" value="40"/>
      <Item label="Aux Heat Lockout 55 degrees Fahrenheit" value="55"/>
      <Item label="Aux Heat Lockout 60 degrees Fahrenheit" value="60"/>
      <Item label="Aux Heat Lockout 65 degrees Fahrenheit" value="65"/>
    </Value>
    <Value type="byte" index="20" genre="config" label="Cool 1 CPH (Cooling cycle rate stage 1)" units="" min="1" max="6" value="3" size="1">
      <Help>
        Cycle rates per hour
      </Help>
    </Value>
    <Value type="byte" index="21" genre="config" label="Cool 2 CPH (Cooling cycle rate stage 2)" units="" min="1" max="6" value="3" size="1">
      <Help>
        Cycle rates per hour
      </Help>
    </Value>
    <Value type="byte" index="22" genre="config" label="Heat 1 CPH (Heating cycle rate stage 1)" units="" min="1" max="12" value="3" size="1">
      <Help>
        Cycle rates per hour
      </Help>
    </Value>
    <Value type="byte" index="23" genre="config" label="Heat 2 CPH (Heating cycle rate stage 2)" units="" min="1" max="12" value="3" size="1">
      <Help>
        Cycle rates per hour
      </Help>
    </Value>
    <Value type="byte" index="24" genre="config" label="Aux Heat CPH (Heating cycle rate Auxiliary Heat)" units="" min="1" max="12" value="9" size="1">
      <Help>
        Cycle rates per hour
      </Help>
    </Value>
    <Value type="byte" index="25" genre="config" label="EM Heat CPH (Heating cycle rate Emergency Heat)" units="" min="1" max="12" value="9" size="1">
      <Help>
        Cycle rates per hour
      </Help>
    </Value>
    <Value type="byte" index="26" genre="config" label="Compressor Protection" units="" min="0" max="5" value="5" size="1">
      <Help>
        0 = Off Integer from 1-5 minutes
      </Help>
      <Item label="Off" value="0"/>
      <Item label="1 minute" value="1"/>
      <Item label="2 minute" value="2"/>
      <Item label="3 minute" value="3"/>
      <Item label="4 minute" value="4"/>
      <Item label="5 minute" value="5"/>
    </Value>
    <Value type="list" index="27" genre="config" label="Adaptive Intelligent Recovery" units="" min="0" max="1" value="1" size="1">
      <Help>
        Adaptive Intelligent Recovery
      </Help>
      <Item label="Off" value="0"/>
      <Item label="On" value="1"/>
    </Value>
    <Value type="byte" index="28" genre="config" label="Minimum Cool Temperature" units="F" min="50" max="99" value="50" size="1">
      <Help>
        Degrees Fahrenheit
      </Help>
    </Value>
    <Value type="byte" index="29" genre="config" label="Maximum Heat Temperature" units="F" min="40" max="90" value="90" size="1">
      <Help>
        Degrees Fahrenheit
      </Help>
    </Value>
    <Value type="byte" index="30" genre="config" label="Air Filters" units="" min="0" max="2" value="0" size="1">
      <Help>
        Number of air filters
      </Help>
    </Value>
    <Value type="list" index="31" genre="config" label="Air Filter 1 Reminder" units="" min="0" max="19" value="0" size="1">
      <Help>
        Air Filter 1 Reminder
      </Help>
      <Item label="Off" value="0"/>
      <Item label="10 Run time Days" value="1"/>
      <Item label="20 Run time Days" value="2"/>
      <Item label="30 Run time Days" value="3"/>
      <Item label="45 Run time Days" value="4"/>
      <Item label="60 Run time Days" value="5"/>
      <Item label="90 Run time Days" value="6"/>
      <Item label="120 Run time Days" value="7"/>
      <Item label="150 Run time Days" value="8"/>
      <Item label="30 Days" value="9"/>
      <Item label="45 Days" value="10"/>
      <Item label="60 Days" value="11"/>
      <Item label="75 Days" value="12"/>
      <Item label="3 Months" value="13"/>
      <Item label="4 Months" value="14"/>
      <Item label="5 Months" value="15"/>
      <Item label="6 Months" value="16"/>
      <Item label="9 Months" value="17"/>
      <Item label="12 Months" value="18"/>
      <Item label="15 Months" value="19"/>
    </Value>
    <Value type="list" index="32" genre="config" label="Air Filter 2 Reminder" units="" min="0" max="19" value="0" size="1">
      <Help>
        Air Filter 2 Reminder
      </Help>
      <Item label="Off" value="0"/>
      <Item label="10 Run time Days" value="1"/>
      <Item label="20 Run time Days" value="2"/>
      <Item label="30 Run time Days" value="3"/>
      <Item label="45 Run time Days" value="4"/>
      <Item label="60 Run time Days" value="5"/>
      <Item label="90 Run time Days" value="6"/>
      <Item label="120 Run time Days" value="7"/>
      <Item label="150 Run time Days" value="8"/>
      <Item label="30 Days" value="9"/>
      <Item label="45 Days" value="10"/>
      <Item label="60 Days" value="11"/>
      <Item label="75 Days" value="12"/>
      <Item label="3 Months" value="13"/>
      <Item label="4 Months" value="14"/>
      <Item label="5 Months" value="15"/>
      <Item label="6 Months" value="16"/>
      <Item label="9 Months" value="17"/>
      <Item label="12 Months" value="18"/>
      <Item label="15 Months" value="19"/>
    </Value>
    <Value type="list" index="33" genre="config" label="Humidification Pad Reminder" units="" min="0" max="2" value="0" size="1">
      <Help>
        Humidification Pad Reminder
      </Help>
      <Item label="Off" value="0"/>
      <Item label="6 Calendar Months" value="1"/>
      <Item label="12 Calendar Months" value="2"/>
    </Value>
    <Value type="byte" index="34" genre="config" label="Dehumidification Filter Reminder" units="" min="0" max="12" value="0" size="1">
      <Help>
        0 = Off, 1-12 Calendar Months
      </Help>
    </Value>
    <Value type="list" index="35" genre="config" label="Ventilation Filter Reminder" units="" min="0" max="12" value="0" size="1">
      <Help>
        integer from 0 to 12 months. 0 = Off 3 = 3 Months 6 = 6 Months 9 = 9 Months 12 = 12 Months Other values not accepted.
      </Help>
      <Item label="No Ventilation Filter Reminder" value="0"/>
      <Item label="Reminder in 3 Months" value="3"/>
      <Item label="Reminder in 6 Months" value="6"/>
      <Item label="Reminder in 9 Months" value="9"/>
      <Item label="Reminder in 12 Months" value="12"/>
    </Value>
    <Value type="byte" index="36" genre="config" label="UV Devices" units="" min="0" max="2" value="0" size="1">
      <Help>
        UV Devices
      </Help>
    </Value>
    <Value type="list" index="37" genre="config" label="UV Bulb 1 Reminder" units="" min="0" max="24" value="0" size="1">
      <Help>
        integer from 0 to 24 months. 0 = Off 6 = 6 Months 12 = 12 Months 24 = 24 Months Other values not accepted.
      </Help>
      <Item label="UV Bulb 1 Reminder Off" value="0"/>
      <Item label="Reminder in 6 Months" value="6"/>
      <Item label="Reminder in 12 Months" value="12"/>
      <Item label="Reminder in 24 Months" value="24"/>
    </Value>
    <Value type="list" index="38" genre="config" label="UV Bulb 2 Reminder" units="" min="0" max="24" value="0" size="1">
      <Help>
        integer from 0 to 24 months. 0 = Off 6 = 6 Months 12 = 12 Months 24 = 24 Months Other values not accepted.
      </Help>
      <Item label="UV Bulb 2 Reminder Off" value="0"/>
      <Item label="Reminder in 6 Months" value="6"/>
      <Item label="Reminder in 12 Months" value="12"/>
      <Item label="Reminder in 24 Months" value="24"/>
    </Value>
    <Value type="byte" index="39" genre="config" label="Idle Brightness" units="" min="0" max="5" value="0" size="1">
      <Help>
        Brightness level
      </Help>
    </Value>
    <Value type="list" index="40" genre="config" label="Clock Format" units="" min="0" max="1" value="0" size="1">
      <Help>
        Clock Format
      </Help>
      <Item label="12 hour" value="0"/>
      <Item label="24 hour" value="1"/>
    </Value>
    <Value type="list" index="41" genre="config" label="Daylight Saving" units="" min="0" max="1" value="1" size="1">
      <Help>
        Daylight Saving
      </Help>
      <Item label="Off" value="0"/>
      <Item label="On" value="1"/>
    </Value>
    <Value type="list" index="42" genre="config" label="Temperature Offset" units="" min="-3" max="3" value="0" size="1">
      <Help>
        -3 = -3 deg Fahrenheit -2 = -2 deg Fahrenheit -1 = -1 deg Fahrenheit 0 = Off 1 = +1 deg Fahrenheit 2 = +2 deg Fahrenheit 3 = +3 deg Fahrenheit
      </Help>
      <Item label="-3" value="-3"/>
      <Item label="-2" value="-2"/>
      <Item label="-1" value="-1"/>
      <Item label="0" value="0"/>
      <Item label="+1" value="1"/>
      <Item label="+2" value="2"/>
      <Item label="+3" value="3"/>
    </Value>
  </CommandClass>
  <CommandClass id="133">
    <Associations num_groups="1">
      <Group index="1" max_associations="1" label="Lifeline"/>
    </Associations>
  </CommandClass>
</Product>
