<?xml version="1.0" encoding="utf-8"?>
<!-- 
Zooz ZEN26 S2 On Off Wall Switch 
https://products.z-wavealliance.org/products/3147
-->
<Product xmlns='http://code.google.com/p/open-zwave/'>
    <!-- Configuration Parameters -->
    <CommandClass id="112">
        <Value type="list" genre="config" index="1" label="Paddle Control" size="1" min="0" max="1" value="0">
            <Help>Normal mode: Upper paddle turns the light on, lower paddle turns the light off.  Reverse will reverse those functions.</Help>
            <Item label="Normal" value="0"/>
            <Item label="Reverse" value="1"/>
        </Value>
        <Value type="list" genre="config" index="2" label="LED Indication Control" size="1" min="0" max="3" value="0">
            <Help>LED Indication light function.  Normal has the LED Indication on when the switch is off, off when the switch is on. </Help>
            <Item label="Normal" value="0"/>
            <Item label="Reverse" value="1"/>
            <Item label="Always Off" value="2"/>
            <Item label="Always On" value="3"/>
        </Value>
        <Value type="short" genre="config" index="3" label="Auto Turn-Off Timer" size="2" min="0" max="32768" value="0" units="seconds">
            <Help>Time, in seconds, for auto-off timer delay.  0 (default) disables the timer.</Help>
        </Value>
        <Value type="list" genre="config" index="5" label="On Off Status After Power Failure" size="1" min="0" max="2" value="2">
            <Help>Status after power on after power failure.  OFF will always turn light off.  ON will always turn light on.  Restore will remember the latest state and restore that state.</Help>
            <Item label="OFF" value="0"/>
            <Item label="ON" value="1"/>
            <Item label="Restore" value="2"/>
        </Value>
    </CommandClass>

    <!-- Association Groups -->
    <CommandClass id="133">
        <Associations num_groups="2">
            <Group index="1" max_associations="1" label="Lifeline"/>
            <Group index="2" max_associations="5" label="Status"/>
        </Associations>
    </CommandClass>
</Product>
