<?xml version="1.0" encoding="utf-8"?>
<Product xmlns='http://code.google.com/p/open-zwave/'>
    <!--
    Z-Wave Wall Controller SR-ZV9001T4-DIM-EU
    Manual: http://www.sunricher.com/media/resources/manual/Z-Wave%20Wall%20Controller%20SR-ZV9001T4-DIM-EU.pdf
    -->

    <!-- Association Groups -->
    <CommandClass id="133">
        <Associations num_groups="5">
            <Group index="1" max_associations="1" label="Lifeline"/>
            <Group index="2" max_associations="12" label="Button 1" />
            <Group index="3" max_associations="12" label="Button 2"/>
            <Group index="4" max_associations="12" label="Button 3"/>
            <Group index="5" max_associations="12" label="Button 4"/>
        </Associations>
    </CommandClass>
</Product>
