<?xml version="1.0" encoding="utf-8"?>
<Product xmlns='http://code.google.com/p/open-zwave/'>
	<!-- Central Scene -->
	<CommandClass id="91" name="COMMAND_CLASS_CENTRAL_SCENE" version="2" request_flags="4" scenecount="0">
		<Instance index="1" />
			<Value type="int" genre="system" instance="1" index="0" label="Scene Count" units="" read_only="true" write_only="false" verify_changes="false" min="-2147483648" max="2147483647" value="2" />
			<Value type="int" genre="user" instance="1" index="1" label="Top Button Scene" units="" read_only="false" write_only="false" verify_changes="false" min="-2147483648" max="2147483647" value="0" />
			<Value type="int" genre="user" instance="1" index="2" label="Bottom Button Scene" units="" read_only="false" write_only="false" verify_changes="false" min="-2147483648" max="2147483647" value="0" />
	</CommandClass>
	<!-- Configuration Parameters -->
	<CommandClass id="112">
		<Value type="list" index="2" genre="config" label="Control Mode" size="1" value="0">
			<Help>Set the switch to control other devices or issue various scene activation commands to a central controller.</Help>
			<Item label="Scenes and groups" value="0" />
			<Item label="Scenes" value="1" />
			<Item label="Groups" value="2" />
		</Value>
		<Value type="bool" index="4" genre="config" label="Invert Switch" size="1" value="False">
			<Help>Change the top of the switch to OFF and the bottom of the switch to ON.</Help>
		</Value>
	</CommandClass>
	<!-- Association Groups -->
	<CommandClass id="133">
		<Associations num_groups="3">
			<Group index="1" max_associations="1" label="Lifeline"/>
			<Group index="2" max_associations="5" label="Top/bottom button click and holding down"/>
			<Group index="3" max_associations="5" label="Top/bottom button double-click and holding down"/>
		</Associations>
	</CommandClass>
</Product>
