<?xml version="1.0" encoding="utf-8" ?>
<!-- Heatit Z-Dim Light Dimmer Switch (Firmware 1.0) -->
<Product xmlns='https://products.z-wavealliance.org/products/3261'>

	<CommandClass id="112" name="COMMAND_CLASS_CONFIGURATION">
		<Value type="byte" genre="config" index="1" label="Connected Load" min="0" max="200" size="1" value="0">
			<Help>
				This parameter defines the value of connected load. 
				0 Not configured (Default)
				1-200 Watts connected load
			</Help>
		</Value>
		<Value type="byte" genre="config" index="2" label="Minimum Dim level" min="1" max="98" size="1" value="20">
			<Help>
				This parameter defines the lowest dimming level of the dimmer.
				The value must be lower than parameter 3
				1-98 Default is 20 (20%)
			</Help>
		</Value>
		<Value type="byte" genre="config" index="3" label="Maximum Dim level" min="2" max="99" size="1" value="85">
			<Help>
				This parameter defines the highest dimming level of the dimmer.
				The value must be higher than parameter 2
				2-99 Default is 85 (85%)
			</Help>
		</Value>
		<Value type="byte" genre="config" index="4" label="Total steps" min="5" max="255" size="1" value="15">
			<Help>
				This parameter defines how many steps it should take to dim from minimum
				to maximum dim level (One round = 20 steps)
				Default is 15 (3/4 round)
			</Help>
		</Value>
		<Value type="list" genre="config" index="5" size="1" label="Double press function" value="1">
			<Help>This parameter defines the double press functionality.</Help>
			<Item label="Disabled " value="0"/>
			<Item label="Active (Default)" value="1"/>
		</Value>
		<Value type="list" genre="config" index="6" size="1" label="Scene controller" value="0">
			<Help>This parameter enables scene controller.</Help>
			<Item label="Central Scene notification (Default)" value="0"/>
			<Item label="Dim to highest level" value="1"/>
		</Value>
		<Value type="byte" genre="config" index="7" label="Switch ON level" min="0" max="99" size="1" value="0">
			<Help>
				This parameter defines the dimming level when restored from OFF state by push button. 
				0 Restores last dim level (Default)
				1-99%
			</Help>
		</Value>
		<Value type="byte" genre="config" index="8" label="Dimming Duration" min="0" max="255" size="1" value="1">
			<Help>
				This parameter defines how long it takes to dim to desired level.
				Note! Only Multilevel Switch Command Class is affected by this parameter.
				0 Disabled
				1-127 Duration in seconds (1 - 127 seconds. Default is 1)
				128-255 Duration in minutes (1 - 127 minutes)
			</Help>
		</Value>
		<Value type="short" genre="config" index="9" label="Meter Report Interval" min="0" max="32767" size="2" value="60">
			<Help>
				This parameter defines report interval for Power Metering.
				0 Disabled
				30-32767 Duration in seconds (Default is 60)
			</Help>
		</Value>
		<Value type="byte" genre="config" index="10" label="Power restore level" min="1" max="99" size="1" value="50">
			<Help>
				Parameter defines initial dimming level after power loss.
				1-99 (Default is 50%)
			</Help>
		</Value>
	</CommandClass>

	<CommandClass id="133" name="COMMAND_CLASS_ASSOCIATION">
		<Associations num_groups="3">
			<Group index="1" max_associations="8" label="Lifeline"/>
			<Group index="2" max_associations="8" label="Dimming level"/>
			<Group index="3" max_associations="8" label="State of Device ON/OFF"/>
		</Associations>
	</CommandClass>

</Product>
